mode_n,resonance_frequency_hz
1,0.78125
2,2.34375
3,3.90625
4,5.46875
5,7.03125
