grid_spacing_m,courant_number,theoretical_peak_arrival_s,numerical_peak_arrival_s,percent_error
8.0,0.5,0.645,0.64,0.7751937984496131
4.0,0.5,0.65,0.645,0.7692307692307698
2.0,0.5,0.65,0.64625,0.5769230769230818
1.0,0.5,0.65,0.646875,0.48076923076923755
